Cluster ID,Match Start,Match Stop,Duration,Match Score,Query Path
1,6.36,25.808,19.45,869,panako/movie/clips/20241125/clip_000002_006000.mp3
1,37.248,55.672,18.42,723,panako/movie/clips/20241125/clip_000012_036000.mp3
1,51.448,61.808,10.36,238,panako/movie/clips/20241125/clip_000017_051000.mp3
2,429.176,439.488,10.31,223,panako/movie/clips/20241125/clip_000168_504000.mp3
2,441.32,460.528,19.21,716,panako/movie/clips/20241125/clip_000175_525000.mp3
2,444.392,463.368,18.98,551,panako/movie/clips/20241125/clip_000176_528000.mp3
2,453.032,472.624,19.59,659,panako/movie/clips/20241125/clip_000179_537000.mp3
2,462.136,481.592,19.46,614,panako/movie/clips/20241125/clip_000182_546000.mp3
2,471.384,490.336,18.95,659,panako/movie/clips/20241125/clip_000185_555000.mp3
2,504.056,523.664,19.61,672,panako/movie/clips/20241125/clip_000196_588000.mp3
2,507.072,526.6,19.53,656,panako/movie/clips/20241125/clip_000197_591000.mp3
2,529.208,547.24,18.03,524,panako/movie/clips/20241125/clip_000204_612000.mp3
2,531.176,550.2,19.02,530,panako/movie/clips/20241125/clip_000205_615000.mp3
2,540.056,559.704,19.65,630,panako/movie/clips/20241125/clip_000208_624000.mp3
2,543.104,561.904,18.8,761,panako/movie/clips/20241125/clip_000209_627000.mp3
2,555.264,574.288,19.02,875,panako/movie/clips/20241125/clip_000213_639000.mp3
2,567.072,586.608,19.54,872,panako/movie/clips/20241125/clip_000217_651000.mp3
2,570.112,589.328,19.22,885,panako/movie/clips/20241125/clip_000218_654000.mp3
2,579.168,598.568,19.4,818,panako/movie/clips/20241125/clip_000221_663000.mp3
2,585.472,603.904,18.43,750,panako/movie/clips/20241125/clip_000223_669000.mp3
2,588.04,607.496,19.46,740,panako/movie/clips/20241125/clip_000224_672000.mp3
2,597.192,608.504,11.31,491,panako/movie/clips/20241125/clip_000227_681000.mp3
3,1662.968,1675.104,12.14,185,panako/movie/clips/20241125/clip_000554_1662000.mp3
3,1707.632,1726.56,18.93,392,panako/movie/clips/20241125/clip_000569_1707000.mp3
3,1710.544,1729.456,18.91,527,panako/movie/clips/20241125/clip_000570_1710000.mp3
3,1725.448,1743.608,18.16,666,panako/movie/clips/20241125/clip_000575_1725000.mp3
3,1728.4,1747.88,19.48,646,panako/movie/clips/20241125/clip_000576_1728000.mp3
3,1732.056,1750.848,18.79,745,panako/movie/clips/20241125/clip_000577_1731000.mp3
3,1743.408,1763.024,19.62,643,panako/movie/clips/20241125/clip_000581_1743000.mp3
3,1746.488,1765.8,19.31,539,panako/movie/clips/20241125/clip_000582_1746000.mp3
3,1761.36,1781.032,19.67,502,panako/movie/clips/20241125/clip_000587_1761000.mp3
3,1767.784,1786.632,18.85,488,panako/movie/clips/20241125/clip_000589_1767000.mp3
3,1785.592,1804.856,19.26,424,panako/movie/clips/20241125/clip_000595_1785000.mp3
3,1788.544,1807.552,19.01,443,panako/movie/clips/20241125/clip_000596_1788000.mp3
3,1800.44,1819.568,19.13,313,panako/movie/clips/20241125/clip_000600_1800000.mp3
3,1806.376,1825.936,19.56,426,panako/movie/clips/20241125/clip_000602_1806000.mp3
3,1815.528,1832.36,16.83,491,panako/movie/clips/20241125/clip_000605_1815000.mp3
3,1824.832,1839.048,14.22,324,panako/movie/clips/20241125/clip_000608_1824000.mp3
4,1887.88,1906.664,18.78,312,panako/movie/clips/20241125/clip_000629_1887000.mp3
4,1899.528,1918.368,18.84,262,panako/movie/clips/20241125/clip_000633_1899000.mp3
4,1902.344,1921.68,19.34,255,panako/movie/clips/20241125/clip_000634_1902000.mp3
5,2992.528,3011.752,19.22,643,panako/movie/clips/20241125/clip_000922_2766000.mp3
5,2995.264,3014.648,19.38,665,panako/movie/clips/20241125/clip_000923_2769000.mp3
5,3016.336,3035.608,19.27,818,panako/movie/clips/20241125/clip_000930_2790000.mp3
5,3019.248,3038.784,19.54,816,panako/movie/clips/20241125/clip_000931_2793000.mp3
5,3031.248,3050.848,19.6,490,panako/movie/clips/20241125/clip_000935_2805000.mp3
5,3046.728,3065.672,18.94,550,panako/movie/clips/20241125/clip_000940_2820000.mp3
5,3053.376,3071.192,17.82,542,panako/movie/clips/20241125/clip_000942_2826000.mp3
5,3067.368,3086.728,19.36,665,panako/movie/clips/20241125/clip_000947_2841000.mp3
5,3070.272,3089.896,19.62,646,panako/movie/clips/20241125/clip_000948_2844000.mp3
5,3085.672,3104.904,19.23,778,panako/movie/clips/20241125/clip_000953_2859000.mp3
5,3091.28,3110.696,19.42,781,panako/movie/clips/20241125/clip_000955_2865000.mp3
5,3136.32,3155.568,19.25,454,panako/movie/clips/20241125/clip_000970_2910000.mp3
5,3142.536,3161.68,19.14,452,panako/movie/clips/20241125/clip_000972_2916000.mp3
5,3151.28,3170.728,19.45,569,panako/movie/clips/20241125/clip_000975_2925000.mp3
5,3154.488,3173.952,19.46,577,panako/movie/clips/20241125/clip_000976_2928000.mp3
5,3160.272,3179.088,18.82,546,panako/movie/clips/20241125/clip_000978_2934000.mp3
5,3163.312,3182.632,19.32,543,panako/movie/clips/20241125/clip_000979_2937000.mp3
5,3169.448,3188.608,19.16,527,panako/movie/clips/20241125/clip_000981_2943000.mp3
5,3178.912,3197.84,18.93,544,panako/movie/clips/20241125/clip_000984_2952000.mp3
5,3184.344,3203.808,19.46,561,panako/movie/clips/20241125/clip_000986_2958000.mp3
5,3208.648,3227.688,19.04,621,panako/movie/clips/20241125/clip_000994_2982000.mp3
5,3217.312,3236.616,19.3,579,panako/movie/clips/20241125/clip_000997_2991000.mp3
5,3226.344,3240.096,13.75,305,panako/movie/clips/20241125/clip_001000_3000000.mp3
6,3444.768,3460.952,16.18,664,panako/movie/clips/20241125/clip_001147_3441000.mp3
6,3447.336,3466.416,19.08,1096,panako/movie/clips/20241125/clip_001149_3447000.mp3
6,3456.408,3475.752,19.34,990,panako/movie/clips/20241125/clip_001152_3456000.mp3
6,3468.4,3487.976,19.58,376,panako/movie/clips/20241125/clip_001156_3468000.mp3
6,3471.512,3490.736,19.22,318,panako/movie/clips/20241125/clip_001157_3471000.mp3
6,3474.56,3493.944,19.38,392,panako/movie/clips/20241125/clip_001158_3474000.mp3
6,3483.336,3502.96,19.62,631,panako/movie/clips/20241125/clip_001161_3483000.mp3
6,3486.672,3505.568,18.9,720,panako/movie/clips/20241125/clip_001162_3486000.mp3
6,3489.8,3508.768,18.97,787,panako/movie/clips/20241125/clip_001163_3489000.mp3
6,3507.464,3526.784,19.32,270,panako/movie/clips/20241125/clip_001169_3507000.mp3
6,3513.488,3528.352,14.86,335,panako/movie/clips/20241125/clip_001171_3513000.mp3
6,3527.176,3544.824,17.65,392,panako/movie/clips/20241125/clip_001175_3525000.mp3
6,3540.472,3559.776,19.3,750,panako/movie/clips/20241125/clip_001180_3540000.mp3
6,3543.856,3562.776,18.92,772,panako/movie/clips/20241125/clip_001181_3543000.mp3
6,3546.328,3565.952,19.62,804,panako/movie/clips/20241125/clip_001182_3546000.mp3
6,3564.336,3583.8,19.46,1003,panako/movie/clips/20241125/clip_001188_3564000.mp3
6,3567.656,3586.96,19.3,915,panako/movie/clips/20241125/clip_001189_3567000.mp3
6,3576.36,3595.888,19.53,631,panako/movie/clips/20241125/clip_001192_3576000.mp3
6,3585.4,3604.784,19.38,821,panako/movie/clips/20241125/clip_001195_3585000.mp3
6,3591.336,3610.808,19.47,891,panako/movie/clips/20241125/clip_001197_3591000.mp3
6,3600.496,3619.112,18.62,543,panako/movie/clips/20241125/clip_001200_3600000.mp3
